No,Style Category,Type,Keywords,Primary Colors,Secondary Colors,Effects & Animation,Best For,Do Not Use For,Light Mode [v],Dark Mode [v],Performance,Accessibility,Mobile-Friendly,Conversion-Focused,Framework Compatibility,Era/Origin,Complexity,AI Prompt Keywords,CSS/Technical Keywords,Implementation Checklist,Design System Variables
1,Minimalism & Swiss Style,General,"Clean, simple, spacious, functional, white space, high contrast, geometric, sans-serif, grid-based, essential","Monochromatic, Black #000000, White #FFFFFF","Neutral (Beige #F5F1E8, Grey #808080, Taupe #B38B6D), Primary accent","Subtle hover (200-250ms), smooth transitions, sharp shadows if any, clear type hierarchy, fast loading","Enterprise apps, dashboards, documentation sites, SaaS platforms, professional tools","Creative portfolios, entertainment, playful brands, artistic experiments",[v] Full,[v] Full,>>> Excellent,[v] WCAG AAA,[v] High,~ Medium,"Tailwind 10/10, Bootstrap 9/10, MUI 9/10",1950s Swiss,Low,"Design a minimalist landing page. Use: white space, geometric layouts, sans-serif fonts, high contrast, grid-based structure, essential elements only.","display: grid, gap: 2rem, font-family: sans-serif, color: #000 or #FFF, max-width: 1200px, clean borders, no box-shadow unless necessary","[ ] Grid-based layout 12-16 columns, [ ] Typography hierarchy clear, [ ] No unnecessary decorations, [ ] WCAG AAA contrast verified, [ ] Mobile responsive grid","--spacing: 2rem, --border-radius: 0px, --font-weight: 400-700, --shadow: none, --accent-color: single primary only"
2,Neumorphism,General,"Soft UI, embossed, debossed, convex, concave, light source, subtle depth, rounded (12-16px), monochromatic","Light pastels: Soft Blue #C8E0F4, Soft Pink #F5E0E8, Soft Grey #E8E8E8","Tints/shades (±30%), gradient subtlety, color harmony","Soft box-shadow (multiple: -5px -5px 15px, 5px 5px 15px), smooth press (150ms), inner subtle shadow","Health/wellness apps, meditation platforms, fitness trackers, minimal interaction UIs","Complex apps, critical accessibility, data-heavy dashboards, high-contrast required",[v] Full,~ Partial,>>> Good,[!] Low contrast,[v] Good,~ Medium,"Tailwind 8/10, CSS-in-JS 9/10",2020s Modern,Medium,"Create a neumorphic UI with soft 3D effects. Use light pastels, rounded corners (12-16px), subtle soft shadows (multiple layers), no hard lines, monochromatic color scheme.","border-radius: 12-16px, box-shadow: -5px -5px 15px rgba(0,0,0,0.1), 5px 5px 15px rgba(255,255,255,0.8), background: linear-gradient(145deg, color1, color2)","[ ] Rounded corners 12-16px consistent, [ ] Multiple shadow layers (2-3), [ ] Pastel color verified, [ ] Press animation smooth 150ms","--border-radius: 14px, --shadow-soft-1: -5px -5px 15px, --shadow-soft-2: 5px 5px 15px, --color-light: #F5F5F5"
3,Glassmorphism,General,"Frosted glass, transparent, blurred background, layered, vibrant background, light source, depth, multi-layer","Translucent white: rgba(255,255,255,0.1-0.3)","Vibrant: Electric Blue #0080FF, Neon Purple #8B00FF, Vivid Pink #FF1493, Teal #20B2AA","Backdrop blur (10-20px), subtle border (1px solid rgba white 0.2), light reflection, Z-depth","Modern SaaS, financial dashboards, high-end corporate, lifestyle apps, modal overlays, navigation","Low-contrast backgrounds, critical accessibility, performance-limited, dark text on dark",[v] Full,[v] Full,[!] Good,[!] Ensure 4.5:1,[v] Good,[v] High,"Tailwind 9/10, MUI 8/10, Chakra 8/10",2020s Modern,Medium,"Design a glassmorphic interface with frosted glass effect. Use backdrop blur (10-20px), translucent overlays (rgba 10-30% opacity), vibrant background colors, subtle borders.","backdrop-filter: blur(15px), background: rgba(255, 255, 255, 0.15), border: 1px solid rgba(255,255,255,0.2), -webkit-backdrop-filter: blur(15px)","[ ] Backdrop-filter blur 10-20px, [ ] Translucent white 15-30% opacity, [ ] Subtle border 1px light, [ ] Text contrast 4.5:1 checked","--blur-amount: 15px, --glass-opacity: 0.15, --border-color: rgba(255,255,255,0.2), --background: vibrant color"
4,Brutalism,General,"Raw, unpolished, stark, high contrast, plain text, default fonts, visible borders, asymmetric, anti-design","Primary: Red #FF0000, Blue #0000FF, Yellow #FFFF00, Black #000000, White #FFFFFF","Limited: Neon Green #00FF00, Hot Pink #FF00FF, minimal secondary","No smooth transitions (instant), sharp corners (0px), bold typography (700+), visible grid, large blocks","Design portfolios, artistic projects, counter-culture brands, editorial/media sites, tech blogs","Corporate environments, conservative industries, critical accessibility, customer-facing professional",[v] Full,[v] Full,>>> Excellent,[v] WCAG AAA,~ Medium,--- Low,"Tailwind 10/10, Bootstrap 7/10",1950s Brutalist,Low,"Create a brutalist design with raw, unpolished, stark aesthetic. Use pure primary colors (red, blue, yellow), black & white, no smooth transitions (instant), sharp corners, bold large typography.","border-radius: 0px, transition: none or 0s, font-family: system-ui or monospace, font-weight: 700+, border: visible 2-4px","[ ] No border-radius (0px), [ ] No transitions (instant), [ ] Bold typography (700+), [ ] Pure primary colors used, [ ] Visible grid/borders","--border-radius: 0px, --transition-duration: 0s, --font-weight: 700-900, --colors: primary only"
5,3D & Hyperrealism,General,"Depth, realistic textures, 3D models, spatial navigation, tactile, skeuomorphic elements, rich detail, immersive","Deep Navy #001F3F, Forest Green #228B22, Burgundy #800020, Gold #FFD700, Silver #C0C0C0","Complex gradients (5-10 stops), realistic lighting, shadow variations (20-40% darker)","WebGL/Three.js 3D, realistic shadows (layers), physics lighting, parallax (3-5 layers), smooth 3D (300-400ms)","Gaming, product showcase, immersive experiences, high-end e-commerce, architectural viz, VR/AR","Low-end mobile, performance-limited, critical accessibility, data tables/forms",~ Partial,~ Partial,[X] Poor,[!] Not accessible,--- Low,~ Medium,"Three.js 10/10, R3F 10/10, Babylon.js 10/10",2020s Modern,High,"Build an immersive 3D interface using realistic textures, 3D models (Three.js/Babylon.js), complex shadows, realistic lighting, parallax scrolling (3-5 layers).","transform: translate3d, perspective: 1000px, WebGL canvas, Three.js/Babylon.js library, box-shadow: complex multi-layer","[ ] WebGL/Three.js integrated, [ ] 3D models loaded, [ ] Parallax 3-5 layers, [ ] Realistic lighting verified","--perspective: 1000px, --parallax-layers: 5, --lighting-intensity: realistic, --shadow-depth: 20-40%"
6,Vibrant & Block-based,General,"Bold, energetic, playful, block layout, geometric shapes, high color contrast, duotone, modern, energetic","Neon Green #39FF14, Electric Purple #BF00FF, Vivid Pink #FF1493, Bright Cyan #00FFFF, Sunburst #FFAA00","Complementary: Orange #FF7F00, Shocking Pink #FF006E, Lime #CCFF00, triadic schemes","Large sections (48px+ gaps), animated patterns, bold hover (color shift), scroll-snap, large type (32px+), 200-300ms","Startups, creative agencies, gaming, social media, youth-focused, entertainment, consumer","Financial institutions, healthcare, formal business, government, conservative, elderly",[v] Full,[v] Full,>>> Good,~ Ensure WCAG,[v] High,[v] High,"Tailwind 10/10, Chakra 9/10, Styled 9/10",2020s Modern,Medium,"Design an energetic, vibrant interface with bold block layouts, geometric shapes, high color contrast, large typography (32px+), animated background patterns.","display: flex/grid with large gaps (48px+), font-size: 32px+, background: animated patterns (CSS), color: neon/vibrant colors","[ ] Block layout with 48px+ gaps, [ ] Large typography 32px+, [ ] 4-6 vibrant colors max, [ ] Animated patterns active","--block-gap: 48px, --typography-size: 32px+, --color-palette: 4-6 vibrant colors, --contrast-ratio: 7:1+"
7,Dark Mode (OLED),General,"Dark theme, low light, high contrast, deep black, midnight blue, eye-friendly, OLED, night mode, power efficient","Deep Black #000000, Dark Grey #121212, Midnight Blue #0A0E27","Vibrant accents: Neon Green #39FF14, Electric Blue #0080FF, Gold #FFD700, Plasma Purple #BF00FF","Minimal glow (text-shadow: 0 0 10px), dark-to-light transitions, low white emission, high readability, visible focus","Night-mode apps, coding platforms, entertainment, eye-strain prevention, OLED devices, low-light","Print-first content, high-brightness outdoor, color-accuracy-critical",--- No,[v] Only,>>> Excellent,[v] WCAG AAA,[v] High,~ Low,"Tailwind 10/10, MUI 10/10, Chakra 10/10",2020s Modern,Low,"Create an OLED-optimized dark interface with deep black (#000000), dark grey (#121212), midnight blue accents. Use minimal glow effects, vibrant neon accents.","background: #000000 or #121212, color: #FFFFFF or #E0E0E0, text-shadow: 0 0 10px neon-color (sparingly), color-scheme: dark","[ ] Deep black #000000 or #121212, [ ] Vibrant neon accents used, [ ] Text contrast 7:1+, [ ] OLED power optimization","--bg-black: #000000, --bg-dark-grey: #121212, --text-primary: #FFFFFF, --accent-neon: neon colors, --oled-optimized: true"
8,Accessible & Ethical,General,"High contrast, large text (16px+), keyboard navigation, screen reader friendly, WCAG compliant, focus state, semantic","WCAG AA/AAA (4.5:1 min), simple primary, clear secondary, high luminosity (7:1+)","Symbol-based colors (not color-only), supporting patterns, inclusive combinations","Clear focus rings (3-4px), ARIA labels, skip links, responsive design, reduced motion, 44x44px touch targets","Government, healthcare, education, inclusive products, large audience, legal compliance, public","None - accessibility universal,[v] Full,[v] Full,>>> Excellent,[v] WCAG AAA,[v] High,[v] High,All frameworks 10/10,Universal,Low,"Design with WCAG AAA compliance. Include: high contrast (7:1+), large text (16px+), keyboard navigation, screen reader compatibility, focus states visible (3-4px ring), semantic HTML.","color-contrast: 7:1+, font-size: 16px+, outline: 3-4px on :focus-visible, aria-label, role attributes, @media (prefers-reduced-motion)","[ ] WCAG AAA verified, [ ] 7:1+ contrast checked, [ ] Keyboard navigation tested, [ ] Focus visible 3-4px, [ ] Touch targets 44x44px","--contrast-ratio: 7:1, --font-size-min: 16px, --focus-ring: 3-4px, --touch-target: 44x44px, --wcag-level: AAA"
9,Claymorphism,General,"Soft 3D, chunky, playful, toy-like, bubbly, thick borders (3-4px), double shadows, rounded (16-24px)","Pastel: Soft Peach #FDBCB4, Baby Blue #ADD8E6, Mint #98FF98, Lilac #E6E6FA, light BG","Soft gradients (pastel-to-pastel), light/dark variations (20-30%), gradient subtle","Inner+outer shadows (subtle, no hard lines), soft press (200ms ease-out), fluffy elements, smooth transitions","Educational apps, children's apps, SaaS platforms, creative tools, fun-focused, onboarding, casual games","Formal corporate, professional services, data-critical, serious/medical, legal apps, finance",[v] Full,~ Partial,>>> Good,[!] Ensure 4.5:1,[v] High,[v] High,"Tailwind 9/10, CSS-in-JS 9/10",2020s Modern,Medium,"Design a playful, toy-like interface with soft 3D, chunky elements, bubbly aesthetic, rounded edges (16-24px), thick borders (3-4px), double shadows (inner + outer), pastel colors.","border-radius: 16-24px, border: 3-4px solid, box-shadow: inset -2px -2px 8px, 4px 4px 8px, background: pastel-gradient","[ ] Border-radius 16-24px, [ ] Thick borders 3-4px, [ ] Double shadows (inner+outer), [ ] Pastel colors used, [ ] Soft bounce animations","--border-radius: 20px, --border-width: 3-4px, --shadow-inner: inset -2px -2px 8px, --shadow-outer: 4px 4px 8px"
10,Aurora UI,General,"Vibrant gradients, smooth blend, Northern Lights effect, mesh gradient, luminous, atmospheric, abstract","Complementary: Blue-Orange, Purple-Yellow, Electric Blue #0080FF, Magenta #FF1493, Cyan #00FFFF","Smooth transitions (Blue→Purple→Pink→Teal), iridescent effects, blend modes (screen, multiply)","Large flowing CSS/SVG gradients, subtle 8-12s animations, depth via color layering, smooth morph","Modern SaaS, creative agencies, branding, music platforms, lifestyle, premium products, hero sections","Data-heavy dashboards, critical accessibility, content-heavy where distraction issues",[v] Full,[v] Full,[!] Good,[!] Text contrast,[v] Good,[v] High,"Tailwind 9/10, CSS-in-JS 10/10",2020s Modern,Medium,"Create a vibrant gradient interface inspired by Northern Lights with mesh gradients, smooth color blends, flowing animations. Use complementary color pairs (blue-orange, purple-yellow), flowing background gradients, subtle continuous animations (8-12s loops).","background: conic-gradient or radial-gradient with multiple stops, animation: @keyframes gradient (8-12s), background-size: 200% 200%, filter: saturate(1.2), blend-mode: screen or multiply","[ ] Mesh/flowing gradients applied, [ ] 8-12s animation loop, [ ] Complementary colors used, [ ] Smooth color transitions","--gradient-colors: complementary pairs, --animation-duration: 8-12s, --blend-mode: screen, --color-saturation: 1.2"
11,Retro-Futurism,General,"Vintage sci-fi, 80s aesthetic, neon glow, geometric patterns, CRT scanlines, pixel art, cyberpunk, synthwave","Neon Blue #0080FF, Hot Pink #FF006E, Cyan #00FFFF, Deep Black #1A1A2E, Purple #5D34D0","Metallic Silver #C0C0C0, Gold #FFD700, duotone, 80s Pink #FF10F0, neon accents","CRT scanlines (::before overlay), neon glow (text-shadow+box-shadow), glitch effects (skew/offset keyframes)","Gaming, entertainment, music platforms, tech brands, artistic projects, nostalgic, cyberpunk","Conservative industries, critical accessibility, professional/corporate, elderly, legal/finance",[v] Full,[v] Dark focused,[!] Moderate,[!] High contrast/strain,~ Medium,~ Medium,"Tailwind 8/10, CSS-in-JS 9/10",1980s Retro,Medium,"Build a retro-futuristic (cyberpunk/vaporwave) interface with neon colors (blue, pink, cyan), deep black background, 80s aesthetic, CRT scanlines, glitch effects, neon glow text/borders.","color: neon colors (#0080FF, #FF006E, #00FFFF), text-shadow: 0 0 10px neon, background: #000 or #1A1A2E, font-family: monospace, animation: glitch (skew+offset)","[ ] Neon colors used, [ ] CRT scanlines effect, [ ] Glitch animations active, [ ] Monospace font, [ ] Deep black background, [ ] Glow effects applied","--neon-colors: #0080FF #FF006E #00FFFF, --background: #000000, --font-family: monospace, --effect: glitch+glow"
12,Flat Design,General,"2D, minimalist, bold colors, no shadows, clean lines, simple shapes, typography-focused, modern, icon-heavy","Solid bright: Red, Orange, Blue, Green, limited palette (4-6 max)","Complementary colors, muted secondaries, high saturation, clean accents","No gradients/shadows, simple hover (color/opacity shift), fast loading, clean transitions (150-200ms ease), minimal icons","Web apps, mobile apps, cross-platform, startup MVPs, user-friendly, SaaS, dashboards, corporate","Complex 3D, premium/luxury, artistic portfolios, immersive experiences, high-detail",[v] Full,[v] Full,>>> Excellent,[v] WCAG AAA,[v] High,[v] High,"Tailwind 10/10, Bootstrap 10/10, MUI 9/10",2010s Modern,Low,"Create a flat, 2D interface with bold colors, no shadows/gradients, clean lines, simple geometric shapes, icon-heavy, typography-focused, minimal ornamentation.","box-shadow: none, background: solid color, border-radius: 0-4px, color: solid (no gradients), fill: solid, stroke: 1-2px, font: bold sans-serif","[ ] No shadows/gradients, [ ] 4-6 solid colors max, [ ] Clean lines consistent, [ ] Simple shapes used, [ ] High saturation colors","--shadow: none, --color-palette: 4-6 solid, --border-radius: 2px, --gradient: none, --animation: minimal 150-200ms"
13,Skeuomorphism,General,"Realistic, texture, depth, 3D appearance, real-world metaphors, shadows, gradients, tactile, detailed, material","Rich realistic: wood, leather, metal colors, detailed gradients (8-12 stops), metallic effects","Realistic lighting gradients, shadow variations (30-50% darker), texture overlays, material colors","Realistic shadows (layers), depth (perspective), texture details (noise, grain), realistic animations (300-500ms)","Legacy apps, gaming, immersive storytelling, premium products, luxury, realistic simulations, education","Modern enterprise, critical accessibility, low-performance, web (use Flat/Modern)",~ Partial,~ Partial,[X] Poor,[!] Textures reduce readability,--- Low,~ Medium,"CSS-in-JS 7/10, Custom 8/10",2007-2012 iOS,High,"Design a realistic, textured interface with 3D depth, real-world metaphors (leather, wood, metal), complex gradients (8-12 stops), realistic shadows, grain/texture overlays.","background: complex gradient (8-12 stops), box-shadow: realistic multi-layer, background-image: texture overlay (noise, grain), filter: drop-shadow","[ ] Realistic textures applied, [ ] Complex gradients 8-12 stops, [ ] Multi-layer shadows, [ ] Texture overlays present","--gradient-stops: 8-12, --texture-overlay: noise+grain, --shadow-layers: 3+, --animation-duration: 300-500ms"
14,Liquid Glass,General,"Flowing glass, morphing, smooth transitions, fluid effects, translucent, animated blur, iridescent, chromatic aberration","Vibrant iridescent (rainbow spectrum), translucent base with opacity shifts, gradient fluidity","Chromatic aberration (Red-Cyan), iridescent oil-spill, fluid gradient blends, holographic effects","Morphing elements (SVG/CSS), fluid animations (400-600ms curves), dynamic blur (backdrop-filter), color transitions","Premium SaaS, high-end e-commerce, creative platforms, branding experiences, luxury portfolios","Performance-limited, critical accessibility, complex data, budget projects",[v] Full,[v] Full,[!] Moderate-Poor,[!] Text contrast,~ Medium,[v] High,"Framer Motion 10/10, GSAP 10/10",2020s Modern,High,"Create a premium liquid glass effect with morphing shapes, flowing animations, chromatic aberration, iridescent gradients, smooth 400-600ms transitions.","animation: morphing SVG paths (400-600ms), backdrop-filter: blur + saturate, filter: hue-rotate + brightness, blend-mode: screen","[ ] Morphing animations 400-600ms, [ ] Chromatic aberration applied, [ ] Dynamic blur active, [ ] Iridescent gradients","--morph-duration: 400-600ms, --blur-amount: 15px, --chromatic-aberration: true, --iridescent: true, --blend-mode: screen"
15,Motion-Driven,General,"Animation-heavy, microinteractions, smooth transitions, scroll effects, parallax, entrance anim, page transitions","Bold colors emphasize movement, high contrast animated, dynamic gradients, accent action colors","Transitional states, success (Green #22C55E), error (Red #EF4444), neutral feedback","Scroll anim (Intersection Observer), hover (300-400ms), entrance, parallax (3-5 layers), page transitions","Portfolio sites, storytelling platforms, interactive experiences, entertainment apps, creative, SaaS","Data dashboards, critical accessibility, low-power devices, content-heavy, motion-sensitive",[v] Full,[v] Full,[!] Good,[!] Prefers-reduced-motion,[v] Good,[v] High,"GSAP 10/10, Framer Motion 10/10",2020s Modern,High,"Build an animation-heavy interface with scroll-triggered animations, microinteractions, parallax scrolling (3-5 layers), smooth transitions (300-400ms), entrance animations, page transitions.","animation: @keyframes scroll-reveal, transform: translateY/X, Intersection Observer API, will-change: transform, scroll-behavior: smooth","[ ] Scroll animations active, [ ] Parallax 3-5 layers, [ ] Entrance animations smooth, [ ] Page transitions fluid, [ ] GPU accelerated","--animation-duration: 300-400ms, --parallax-layers: 5, --scroll-behavior: smooth, --gpu-accelerated: true"
16,Micro-interactions,General,"Small animations, gesture-based, tactile feedback, subtle animations, contextual interactions, responsive","Subtle color shifts (10-20%), feedback: Green #22C55E, Red #EF4444, Amber #F59E0B","Accent feedback, neutral supporting, clear action indicators","Small hover (50-100ms), loading spinners, success/error state anim, gesture-triggered (swipe/pinch), haptic","Mobile apps, touchscreen UIs, productivity tools, user-friendly, consumer apps, interactive components","Desktop-only, critical performance, accessibility-first (alternatives needed)",[v] Full,[v] Full,>>> Excellent,[v] Good,[v] High,[v] High,"Framer Motion 10/10, React Spring 9/10",2020s Modern,Medium,"Design with delightful micro-interactions: small 50-100ms animations, gesture-based responses, tactile feedback, loading spinners, success/error states, subtle hover effects.","animation: short 50-100ms, transition: hover states, @media (hover: hover) for desktop, :active for press","[ ] Micro-animations 50-100ms, [ ] Gesture-responsive, [ ] Tactile feedback visual/haptic, [ ] Loading spinners smooth, [ ] Hover effects subtle","--micro-animation-duration: 50-100ms, --gesture-responsive: true, --haptic-feedback: true, --loading-animation: smooth"
17,Inclusive Design,General,"Accessible, color-blind friendly, high contrast, haptic feedback, voice interaction, screen reader, WCAG AAA, universal","WCAG AAA (7:1+ contrast), avoid red-green only, symbol-based indicators, high contrast primary","Supporting patterns (stripes, dots, hatch), symbols, combinations, clear non-color indicators","Haptic feedback (vibration), voice guidance, focus indicators (4px+ ring), motion options, alt content, semantic","Public services, education, healthcare, finance, government, accessible consumer, inclusive",None - accessibility universal,[v] Full,[v] Full,>>> Excellent,[v] WCAG AAA,[v] High,[v] High,All frameworks 10/10,Universal,Low,"Design for universal accessibility: high contrast (7:1+), large text (16px+), keyboard-only navigation, screen reader optimization, WCAG AAA compliance.","aria-* attributes complete, role attributes semantic, focus-visible: 3-4px ring, color-contrast: 7:1+, @media (prefers-reduced-motion), alt text on all images","[ ] WCAG AAA verified, [ ] 7:1+ contrast all text, [ ] Keyboard accessible (Tab/Enter), [ ] Screen reader tested, [ ] Focus visible 3-4px, [ ] No color-only indicators","--contrast-ratio: 7:1, --font-size: 16px+, --keyboard-accessible: true, --sr-compatible: true, --wcag-level: AAA"
18,Zero Interface,General,"Minimal visible UI, voice-first, gesture-based, AI-driven, invisible controls, predictive, context-aware, ambient","Neutral backgrounds: Soft white #FAFAFA, light grey #F0F0F0, warm off-white #F5F1E8","Subtle feedback: light green, light red, minimal UI elements, soft accents","Voice recognition UI, gesture detection, AI predictions (smooth reveal), progressive disclosure, smart suggestions","Voice assistants, AI platforms, future-forward UX, smart home, contextual computing, ambient experiences","Complex workflows, data-entry heavy, traditional systems, legacy support, explicit control",[v] Full,[v] Full,>>> Excellent,[v] Excellent,[v] High,[v] High,"Tailwind 10/10, Custom 10/10",2020s AI-Era,Low,"Create a voice-first, gesture-based, AI-driven interface with minimal visible UI, progressive disclosure, voice recognition UI, gesture detection, AI predictions, smart suggestions.","voice-commands: Web Speech API, gesture-detection: touch events, AI-predictions: hidden by default (reveal on hover), progressive-disclosure: show on demand","[ ] Voice commands responsive, [ ] Gesture detection active, [ ] AI predictions hidden/revealed, [ ] Progressive disclosure working, [ ] Minimal visible UI","--voice-ui: enabled, --gesture-detection: active, --ai-predictions: smart, --progressive-disclosure: true, --visible-ui: minimal"
19,Soft UI Evolution,General,"Evolved soft UI, better contrast, modern aesthetics, subtle depth, accessibility-focused, improved shadows, hybrid","Improved contrast pastels: Soft Blue #87CEEB, Soft Pink #FFB6C1, Soft Green #90EE90, better hierarchy","Better combinations, accessible secondary, supporting with improved contrast, modern accents","Improved shadows (softer than flat, clearer than neumorphism), modern (200-300ms), focus visible, WCAG AA/AAA","Modern enterprise apps, SaaS platforms, health/wellness, modern business tools, professional, hybrid","Extreme minimalism, critical performance, systems without modern OS",[v] Full,[v] Full,>>> Excellent,[v] WCAG AA+,[v] High,[v] High,"Tailwind 9/10, MUI 9/10, Chakra 9/10",2020s Modern,Medium,"Design evolved neumorphism with improved contrast (WCAG AA+), modern aesthetics, subtle depth, accessibility focus. Use soft shadows (softer than flat but clearer than pure neumorphism), better color hierarchy.","box-shadow: softer multi-layer (0 2px 4px), background: improved contrast pastels, border-radius: 8-12px, animation: 200-300ms smooth, outline: 2-3px on focus, contrast: 4.5:1+","[ ] Improved contrast AA/AAA, [ ] Soft shadows modern, [ ] Border-radius 8-12px, [ ] Animations 200-300ms, [ ] Focus states visible","--shadow-soft: modern blend, --border-radius: 10px, --animation-duration: 200-300ms, --contrast-ratio: 4.5:1+, --wcag-level: AA+"
20,Cyberpunk UI,General,"Neon, futuristic, cyber, dark, high-tech, glowing, holographic, grid, matrix, sci-fi, tech-noir","Neon Blue #0080FF, Hot Pink #FF006E, Cyan #00FFFF, Deep Black #000000, Purple #8B00FF","Metallic Silver #C0C0C0, Neon Green #39FF14, Gold #FFD700, holographic effects","Neon glow (text-shadow + box-shadow), glitch effects, holographic overlays, grid patterns, CRT effects, matrix rain","Gaming, tech products, crypto apps, cybersecurity, entertainment, tech brands, sci-fi projects","Corporate, healthcare, education, conservative industries, elderly, formal business",[v] Full,[v] Full,[!] Moderate,[!] High contrast/strain,~ Medium,~ Medium,"Tailwind 9/10, CSS-in-JS 9/10",2020s Modern,Medium,"Design a cyberpunk interface with neon colors, deep black background, glowing effects, holographic overlays, grid patterns, glitch effects, futuristic typography, tech-noir aesthetic.","color: neon (#0080FF, #FF006E, #00FFFF), text-shadow: 0 0 10px neon, background: #000000, border: neon glow, animation: glitch+glow","[ ] Neon colors active, [ ] Glitch effects working, [ ] Holographic overlays, [ ] Grid patterns visible, [ ] Deep black background, [ ] Glow effects applied","--neon-primary: #0080FF, --neon-secondary: #FF006E, --neon-accent: #00FFFF, --background: #000000, --glow-intensity: 10px"
21,Bento Box Grid,General,"Grid layout, modular, compact, organized, card-based, dashboard, bento grid, masonry-like","Brand primary, neutral backgrounds, accent colors for cards, high contrast","Card-specific colors, subtle borders, category indicators","Grid transitions, card hover (lift/scale), responsive reflow, scroll-snap, smooth transitions (200-300ms)","Dashboards, product features, portfolios, personal websites, data-heavy apps","Simple content, single-column blogs, text-heavy articles",[v] Full,[v] Full,>>> Excellent,[v] WCAG AA,[v] High,[v] High,"Tailwind 10/10, CSS Grid 10/10",2020s Modern,Medium,"Design a Bento Box grid layout with modular, compact cards organized in a responsive grid. Use CSS Grid for layout, card hover effects, category-based coloring, smooth transitions.","display: grid, grid-template-columns: repeat(auto-fit, minmax(250px, 1fr)), gap: 1rem, card: border-radius + shadow + hover","[ ] Grid layout responsive, [ ] Cards modular and compact, [ ] Hover effects smooth (200-300ms), [ ] Mobile reflow working","--grid-gap: 1rem, --card-radius: 12px, --card-shadow: var(--shadow-md), --card-hover: translateY(-4px)"
22,Hero-Centric Design,Landing Page,"Large hero section, compelling headline, high-contrast CTA, product showcase, value proposition, hero image/video","Brand primary color, white/light backgrounds for contrast, accent color for CTA","Supporting colors for secondary CTAs, accent highlights, trust elements","Smooth scroll reveal, fade-in animations on hero, subtle background parallax, CTA glow/pulse effect","SaaS landing pages, product launches, service landing pages, B2B platforms","Complex navigation, multi-page experiences, data-heavy applications",[v] Full,[v] Full,>>> Good,[v] WCAG AA,[v] Full,[v] Very High,"Tailwind 10/10, Bootstrap 9/10",2020s Modern,Medium,"Design a hero-centric landing page with full-width hero section, compelling headline (60-80 chars), high-contrast CTA button, product screenshot or video, value proposition above fold.","min-height: 100vh, display: flex, align-items: center, background: linear-gradient or image, max-width: 800px for text","[ ] Hero section full viewport height, [ ] Headline visible above fold, [ ] CTA button high contrast, [ ] Mobile responsive layout","--hero-min-height: 100vh, --headline-size: clamp(2rem, 5vw, 4rem), --cta-padding: 1rem 2rem"
23,Conversion-Optimized,Landing Page,"Form-focused, minimalist design, single CTA focus, high contrast, urgency elements, trust signals, social proof","Primary brand color, high-contrast white/light backgrounds, warning/urgency colors","Secondary CTA color (muted), trust element colors, accent for key benefits","Hover states on CTA (color shift, slight scale), form field focus animations, loading spinner, success feedback","E-commerce product pages, free trial signups, lead generation, SaaS pricing pages","Complex feature explanations, multi-product showcases",[v] Full,[v] Full,>>> Excellent,[v] WCAG AA,[v] Full (mobile-optimized),[v] Very High,"Tailwind 10/10, Bootstrap 9/10",2020s Modern,Medium,"Design a conversion-optimized landing page with single primary CTA, minimal distractions, trust badges, urgency elements, social proof, clear value proposition, form above fold.","form with focus states, input:focus ring, button: primary color high contrast, position: sticky for CTA, max-width: 600px for form","[ ] Single primary CTA visible, [ ] Form fields minimal (3-5), [ ] Trust badges present, [ ] Social proof above fold, [ ] Mobile form optimized","--cta-color: high contrast primary, --form-max-width: 600px, --input-height: 48px, --focus-ring: 3px solid accent"
24,Data-Dense Dashboard,BI/Analytics,"Multiple charts/widgets, data tables, KPI cards, minimal padding, grid layout, space-efficient","Neutral primary (light grey/white #F5F5F5), data colors (blue/green/red), dark text #333333","Chart colors: success (green #22C55E), warning (amber #F59E0B), alert (red #EF4444), neutral (grey)","Hover tooltips, chart zoom on click, row highlighting on hover, smooth filter animations","Business intelligence dashboards, financial analytics, enterprise reporting","Marketing dashboards, consumer-facing analytics, simple reporting",[v] Full,[v] Full,>>> Excellent,[v] WCAG AA,~ Medium,--- Not applicable,"Recharts 9/10, Chart.js 9/10, D3.js 10/10",2020s Modern,Medium,"Design a data-dense dashboard with multiple chart widgets, KPI cards row, data tables with sorting, minimal padding (8-12px), efficient grid layout, filter sidebar.","display: grid, grid-template-columns: repeat(12, 1fr), gap: 8px, padding: 12px, font-size: 12-14px, overflow: auto for tables, sticky headers","[ ] Grid layout 12 columns, [ ] KPI cards responsive, [ ] Tables sortable, [ ] Filters functional, [ ] Loading states for data","--grid-gap: 8px, --card-padding: 12px, --font-size-small: 12px, --table-row-height: 36px, --sidebar-width: 240px"
25,AI-Native UI,General,"AI interface, chatbot, conversational, streaming text, context-aware, minimal chrome, intelligent, predictive","Neutral backgrounds, AI Purple (#6366F1), accent colors for actions, subtle gradients","Success green, error red, warning amber, neutral greys","Typing indicators, streaming text (character by character), smooth scroll to latest, context transitions, AI avatar","AI products, chatbots, copilots, intelligent assistants, AI-powered tools","Complex data entry, traditional forms, manual workflows",[v] Full,[v] Full,>>> Good,[v] WCAG AA,[v] High,[v] High,"Tailwind 10/10, Custom 10/10",2020s AI-Era,Medium,"Design an AI-native interface with chat-like conversational UI, streaming text display, minimal chrome, context-aware actions, typing indicators, smooth auto-scroll to latest message.","streaming text animation, typing indicator (3 dots), auto-scroll, message bubbles, AI avatar, minimal UI chrome","[ ] Streaming text working, [ ] Typing indicator visible, [ ] Auto-scroll smooth, [ ] Message bubbles styled, [ ] AI avatar present","--streaming-speed: 30ms, --typing-dot-delay: 0.3s, --message-max-width: 700px, --ai-primary: #6366F1"
26,Gradient Mesh,General,"Mesh gradients, flowing colors, organic shapes, abstract, artistic, vibrant, fluid, smooth","Vibrant mesh gradients (4-8 colors), organic blob shapes, fluid color blends","Complementary and triadic color combinations, smooth transitions","CSS mesh gradients (radial-gradient layers), SVG mesh, animated blob shapes, smooth color transitions (8-12s loops)","Creative agencies, branding, hero sections, premium products, artistic projects","Data-heavy dashboards, critical accessibility, content-heavy, performance-limited",[v] Full,[v] Full,[!] Good,[!] Text contrast,[v] Good,[v] High,"Tailwind 9/10, CSS-in-JS 10/10",2020s Modern,Medium,"Design with mesh gradients using multiple radial-gradient layers, organic blob shapes, flowing color transitions. Create artistic, abstract backgrounds with smooth 8-12s animation loops.","background: radial-gradient(circle at 20% 50%, color1 0%, transparent 50%), radial-gradient(circle at 80% 50%, color2 0%, transparent 50%), radial-gradient(circle at 50% 80%, color3 0%, transparent 50%), animation: mesh 12s ease infinite","[ ] Mesh gradients layered (3-4 radial-gradients), [ ] Organic shapes present, [ ] Color transitions smooth (8-12s), [ ] Text contrast verified, [ ] Performance optimized","--mesh-colors: 3-4 vibrant colors, --animation-duration: 8-12s, --shape: organic blob, --transition: smooth"
27,Pixel Art,General,"Pixel, 8-bit, retro, gaming, nostalgic, low-res, chunky, blocky, grid-based","Limited palette (16-32 colors), NES/SNES/GBA inspired, high contrast, pure colors","Secondary colors from classic palettes, limited shading, dithering effects","No anti-aliasing, pixel-perfect rendering, 1px borders, chunky animations (step-end timing), retro transitions","Indie games, retro apps, nostalgic brands, pixel art portfolios, gaming communities","Professional enterprise, luxury brands, formal business, critical accessibility",[v] Full,[v] Full,>>> Excellent,[v] WCAG AAA,[v] High,~ Medium,"Custom CSS, Tailwind 7/10",1980s-1990s Retro,Low,"Design a pixel art interface with limited color palette (16-32 colors), 1px borders, chunky step-end animations, retro gaming aesthetic, pixel-perfect rendering, dithering effects for shading.","image-rendering: pixelated, image-rendering: crisp-edges, border: 1px solid black, animation-timing-function: step-end, font-family: 'Press Start 2P' or 'VT323'","[ ] Limited palette (16-32 colors), [ ] 1px borders consistent, [ ] Step-end animations, [ ] Pixel-perfect rendering, [ ] Retro font used, [ ] Dithering effects for shading","--pixel-size: 1px, --animation-timing: step-end, --color-palette: 16-32 colors, --image-rendering: pixelated, --font-family: pixel font"
28,Y2K Aesthetic,General,"Y2K, 2000s, chrome, metallic, glossy, bubble, retro-futuristic, nostalgic, shiny","Chrome/silver #C0C0C0, Hot pink #FF69B4, Lime green #32CD32, Sky blue #87CEEB, purple #9370DB","Gradient chrome effects, glossy highlights, bubble shapes, star/sparkle decorations","Glossy reflections (linear-gradient highlights), chrome/metallic effects, bubble animations (bounce), sparkle decorations, glossy borders","Fashion brands, music artists, Gen Z products, nostalgic brands, creative projects","Corporate, formal business, data-heavy apps, critical accessibility",[v] Full,[v] Full,[!] Good,[!] Contrast issues,[v] High,~ Medium,"Tailwind 9/10, CSS-in-JS 9/10",2000s Retro,Medium,"Design a Y2K aesthetic interface with chrome/metallic effects, glossy reflections, bubble shapes, hot pink and lime accents, star decorations, glossy borders, retro-futuristic vibe.","background: linear-gradient(135deg, #C0C0C0, #E8E8E8, #C0C0C0), border: 2px solid #FF69B4, border-radius: 20px, box-shadow: inset 0 1px 0 rgba(255,255,255,0.5), animation: bounce 2s ease-in-out infinite","[ ] Chrome/metallic effects, [ ] Glossy reflections, [ ] Bubble shapes (rounded), [ ] Hot pink + lime accents, [ ] Star decorations, [ ] Bounce animations active","--chrome-gradient: linear-gradient(135deg, #C0C0C0, #E8E8E8, #C0C0C0), --accent-pink: #FF69B4, --accent-lime: #32CD32, --border-radius: 20px, --animation: bounce"
29,Vaporwave,General,"Vaporwave, aesthetic, retro, 80s/90s, japanese, glitch, nostalgic, dreamy, surreal","Pink #FF71CE, Cyan #01CDFE, Purple #B967FF, Yellow #FFFB96, retro pastels","VHS tracking effects, glitch artifacts, Japanese text, Greek/Roman statues, retro grids","VHS tracking lines (::before), glitch effects (RGB split), retro grid background, static noise overlay, CRT scanlines, dreamy blur","Music platforms, creative portfolios, art projects, nostalgic brands, vaporwave aesthetic","Corporate, formal business, data-heavy apps, critical accessibility",[v] Full,[v] Dark focused,[!] Moderate,[!] Contrast/strain issues,~ Medium,~ Medium,"Tailwind 8/10, CSS-in-JS 9/10",2010s Retro,Medium,"Design a vaporwave aesthetic interface with pink/cyan/purple gradient, VHS tracking effects, glitch RGB split, retro grid background, Japanese text elements, dreamy blur, CRT scanlines.","background: linear-gradient(180deg, #FF71CE 0%, #01CDFE 50%, #B967FF 100%), animation: vhs-tracking 0.1s linear infinite, filter: hue-rotate(0deg) saturate(2), text-shadow: 2px 2px #FF71CE, -2px -2px #01CDFE","[ ] Pink/cyan/purple gradient, [ ] VHS tracking effects, [ ] Glitch RGB split, [ ] Retro grid background, [ ] Japanese text elements, [ ] Dreamy blur/blur effects","--gradient-vapor: linear-gradient(180deg, #FF71CE, #01CDFE, #B967FF), --vhs-effect: tracking lines, --glitch-effect: RGB split, --grid-color: #B967FF"
30,Crystal/Crystal UI,General,"Crystal, glass, facet, prismatic, holographic, rainbow, light, refraction, premium, luxury","Translucent whites, holographic rainbow gradients, prismatic light effects, crystal clear","Rainbow spectrum accents, prismatic light effects, holographic overlays","Faceted edges (clip-path polygons), holographic gradients (conic-gradient with rainbow), light refraction effects, crystal-clear transparency, prismatic animations (hue-rotate)","Premium SaaS, luxury brands, creative agencies, high-end e-commerce, artistic projects","Performance-limited, critical accessibility, data-heavy, budget projects, dark backgrounds",[v] Full,[v] Full,[!] Poor,[!] Text contrast issues,~ Medium,[v] High,"Framer Motion 10/10, GSAP 10/10",2020s Modern,High,"Design a crystal/crystal UI interface with faceted edges (clip-path polygons), holographic rainbow gradients (conic-gradient), prismatic light effects, crystal-clear transparency, prismatic animations with hue-rotate.","clip-path: polygon(50% 0%, 100% 25%, 100% 75%, 50% 100%, 0% 75%, 0% 25%), background: conic-gradient(from 0deg, #ff0000, #ff8800, #ffff00, #00ff00, #00ffff, #0000ff, #ff00ff, #ff0000), animation: prismatic 8s linear infinite, filter: hue-rotate(0deg)","[ ] Faceted edges (clip-path polygons), [ ] Holographic rainbow gradients (conic-gradient), [ ] Prismatic light effects, [ ] Crystal-clear transparency, [ ] Prismatic animation (hue-rotate), [ ] Premium feel achieved","--clip-faceted: polygon(50% 0%, 100% 25%, 100% 75%, 50% 100%, 0% 75%, 0% 25%), --gradient-holographic: conic-gradient(from 0deg, rainbow), --animation-prismatic: hue-rotate 8s linear infinite, --transparency: 0.3-0.7"
